tweet,label
".omg why are poc wearing fugly blue contacts so in, it is 2018. please make it stop.",0
.Sorry but most of the runners popular right now are just plain fugly.,0
".those jeans are hideous, and I?m afraid he?s bought the entire collection of those fugly sunglasses ??",0
.I had to dress up for a presentation in class today and I?m giving some serious Mr. Grey zaddy vibes if I do say so myself,0
.Am I the only one who thinks justin bieber is fugly af now?,0
We carry on? We as in fugly lookin unwanted people?,0
"Don?t know what?s worse, the fact he?s hoying milk in before the water or his fat fugly face at the end of that vid.",0
" Enjoy your New Smyrna Beach..full of seaweed, shallow fugly green water and sharks. Nothing comp.",0
Yeah honestly that?s fugly.,0
No one wants to see those fugly 3T bikes?,0
This luxury bldg they?re putting up across from .thepinhook is so fugly. I would still be mad even if it were aesthetically pleasing but ew.,0
Everyone else was in the line up except for her and they got to debut together while she gad to wear a fugly purple.,0
Fell for that again didnt ya XD #PhoneCallTrick.,0
fugly Am alright starting to get a headache myself.,0
"Fugly?, Whom?, You two? Henny.....",0
o wow conq varus actually looks good unlike fucking horrifically fugly conq karma.,0
"I'm fed up with this migraine."", ""How's you",0
King Show off.,0
"if anyone references talking about aliens when explaining aquarius they are fraudulent.', 'do not trust them, they are a fugly.",0
She's fugly.,0
".I am fugly crying!', 'I can?t handle this!', 'This was so beautiful!', 'Euphoria is such a bop too.', '????.",0
"i literally only know one person who uses the word fugly.', 'lol fuck off anna..",0
.Fugly ass.,0
.today i am fatish and fugly.,0
"The ?fugly? friend.', 'Funny &; ugly.",0
.Is fugly a curse word?.,0
.Pain is putting on the outfit that was so cute in your head only to find out it?s fugly on.,0
.And now theres like 20 people claimin one ov my fb statuses is bout them XD People round ear make me chuckle.,0
damn I?m fugly.,0
Fugly,0
"Oh I know.....new titans unis are fugly!', 'Keep enjoying your mayo.",0
finsta is cool because on regular insta everyone showcases their perfect lives &amp; has no flaws but when i check my finsta fe.,0
You never know how much someone means until they are gone.,0
fugly how are you today buddy.,0
"At what Halle?', 'At what?.",0
It's so annoying how Joe looks handsome all the daaaamn time and I need a black and white filter otherwise I strugs,0
".Whenever I see a photo of a girl wt the snapchat ?hearts? filter...', 'I take it as an admission of gulit to being fugly.",0
Tweaking libruls definitely includes wearing something this fugly..,0
I feel dirty having the same icon as this fugly person.,0
I am the opposite: I know exactly how to use lines but fugly as shit..,0
"Aight I just gotta know.', 'Are these cool?', 'I think they are fugly, but I turn 40 this month, so my opinion doesn?t se.",0
Youtuber disgusses fugly movie (for the sake of criticism) - movie director finds ou.,0
"Thanks!', 'Momma Dawgs are really pissed now!!!', ""It's about to FUGLY!!"", '\U0001f92c\U0001f92f.",0
"100k RTS AND LIL YACHTY WILL REMIX WITH MY TEAM!!', 'I GOT 3 WEEKS!!', 'ORIGINAL SONG IN BIO..', 'PLEASE HELP ME OUT!.",0
"I'm such a fucking fugly pig!!"", 'Damn it!', ""I'm so irritated with my fugly face!",0
"I?m Cassie.', 'Everyone else is fugly and dumb..",0
".The new balance 999 is a perfect shoe.', 'New balance should?ve really pushed those instead of the fugly 990s everyone.",0
Honestly I'm mostly interested in cards that are coming out like a billion years from now (Determi,0
".Can the trend of backpacks stay in primary school plz.', ""it's so fugly.""]",0
.Fugly.,0
"I have brought your offerings, Master..",0
"Looks like a moon-pie in search of a chin.', '#Fugly.",0
" its fugly but like heres the header that sort of matches the icon for anyone who wants it vote for xukun!', '(AND ZHENGTI.",0
Whoops haha Don't worry that's happened to me many times ;p,0
".So many fugly ass people around here.', 'Bishhh why -.-.",0
fugly I thought this was a GIF and tapped play at work with my phone speakers too loud....,0
"That's an insult, Kim was fugly af""]",0
".Lol main koi celeb hu kiya jo mujhe support karoge btw that ""flopsstar"" has defeated that murderer\'s fugly ass in.",0
That person is a hero to us all.,0
i feel that.,0
current mood:.,0
Fugly.,0
My time has come.,0
?Y?all talk?? ?Nahh.....we just ruining each other life?.,0
Fugly.,0
But who is he?.,0
 Disagree was nowhere near rogue M3&amp;M4 for me plus it's FUGLY!,0
".All you bitches is fugly, smoking on dope like a junky",0
"fugly, more like cute as heck.",0
No more rolling up and wasting money on wraps again This .gluntofficial is a game changer.,0
"Ann Leary shook her head.', '""I\'ve rented my body to an April witch, for sure.""', '""Close, very close!""', 'laughed Cecy.', '""No.",0
".Brrr...it?s like a blizzard out here with all of these .NRA snowflakes!', 'Quick review: The NRA puts profits over peo.",0
"Hey foxandfriends, the next time you propose a dumbass idea like militarizing the border, be sure to include more.",0
".The *entire* discourse on the right has been veering, since the rise of Rush Limbaugh, to ?who can be the most outr.",0
"Stock Market manipulation at the hands of 1 Twitter dumbass should not be allowed to happen in this country.', 'Millions of 40.",0
.GUESS WHICH DUMBASS IS OFFICIALLY OUT OF ENGINEERING SCHOOL.,0
.I?m the biggest dumbass you?ll ever meet.,0
".Sometimes a mans gotta do what he has to scooby dooby doo ?Uhhh you?re not a man, or a dog, dumbass? I am on all le.",0
.bro i just went on a hike and seen a rattle snake and my dumbass just jumps over it im literally such an idiot some.,0
.Ate up with the DumbAss....,0
.tweedle dee &amp; tweedle dumbass.,0
BRON BLOCKING SHOT FXCKIN DUMBASS JUST DUNK THE BALL.,0
.yes I am emotional and yes I am a complete dumbass sometimes and yes I am loud as hell and yes I love people with m.,0
.MY CUTE DUMBASS.,0
..4billybob2 .SelfImposedXile .1nomore1 .ChrisLutolf .MsEmmaPeele .Marion.aruaL .VettingBernie. .FlipItDem.,0
.One of the worst things I ever said was ?yeah I bet you?re just dying to get out of the hospital? I?m a dumbass.,0
"It\'s me, a grown man who refers to another grown man losing his job for being a hateful dumbass as ""chilling""..",0
"why's she seem so cute all of a sudden?'"", '""SHE\'S BEEN CUTE SINCE THE BEGINNING, DUMBASS!"".",0
i love all the theories n explanations on my tl :') my dumbass didnt understand some of the things but now WOW MY HEAD IS ABT TO EXPLODE,0
.Dumbass vbitvhes.,0
Also . me next time dumbass.,0
".This dumbass.', 'Almost every book I ever read I was introduced to by a cis boy.', 'Warriors, Cirque Du Freak, Artemis F.",0
. .Seeds81Planting: .cxpage .TKORachael .QuidProWTF .VETS.VS.BANNON .RedWaveRising1 .franksan240 .Tam.Resist .unconcious0 .Connie48359391.,0
my dumbass processed that as an nipple piercing dkfjkd.,0
.I need someone to beat the living shit out of my dumbass.,0
people talk a lot of shit about famous politicians spending a ton of money on an absurdly nice wooden table but unfortunate.,0
Females get out of a relationship and all of a sudden start posting excerpts from books and shit LMAOOOOOOOOOO ohhhh so n.,0
.OK.Dumbass  Unfortunately the rest of America now has to deal with their regretful vote..,0
Lmao....no I am spiritual not a right wing wa.,0
next time I lose my iPhone I?m using ?find my iPhone? what kind of dumbass doesn?t put it on.,0
".If there is anything u can say wit certainty about Devin Nunes, its that during his 15 minutes of fame, he has tru.",0
"[""I'm such a dumbass.""]",0
"I'm dumb, i know what I'm saying...i also write it as I say it as well you dumbass......"", 'I give you.",0
"Bwahahaaa!!!', 'Dumbass Oklahoma #GOP lawmakers says 25 percent of teacher protestors are paid actors bussed in from Chicago h.",0
So abortion is murder but killing women who get abortions is not..,0
".I just bought my cap and gown.', 'Yo this is really happening.. my dumbass is really graduating from college.",0
Dumbass is one word..,0
APPRECIATE THAT PERSON IN UR LIFE THAT STAYS WITH UR DUMBASS THROUGH ALL THE BULLSHIT U PUT THEM THROUGH AND LOVES YOU.,0
"The *entire* discourse on the right has been veering, since the rise of Rush Limbaugh, to ?who can be the most outrageous prov.",0
".My dumbass forgot my work uniform on my bed.. first time I ever done that shit.', 'Now I gotta wear hospital scrubs.', 'Hella weird ??\u200d??.",0
".I have always dream of making people happy... how?', 'Acting?', 'Music?', 'Comedy?', ""The only one I'm actually a little good a""]",0
.My day been so terrible y?all my dumbass got out the car didn?t put the car in park and almost crashed into the corner store like wtf ??\u200d??.,0
.This is my dumbass.,0
.I bet we are only scraping the top of the crooked things that DUMBASS did!.,0
"Everything is a conspiracy theory.', 'The world is flat.', ""Vaccines cause autism (if they don't kill you first)."", 'All rich Black peo.",0
"Jon Gruden is a whole dumbass for releasing a good punter.', 'You never know you need a.",0
"me, seeing an 8-year-old utilize a vivid imagination to create a battle sequence between their transformer and a kirby.",0
.if i try this in textiles class and it don?t work imma look like a dumbass.,0
"He was voted Germany player of the year ZERO times.', 'He won a fan.",0
"realDonaldTrump Dumbass.', 'He won\'t ""ask"" you.', 'He will ORDER you according to the constitu.",0
 listen kids I know u want to stop getting violently murdered by assault rifles but you need to grow up and realize that t.,0
"I have no idea, I was at like 100 in October, and 99% of my posts are about idolshit so idk why I'm getting dumbass clout.""]",0
".my mum finds me irritating and tells me to shut up every time i open my damn mouth.', 'my dad is a dumbass bigot who i.",0
" How am i defending white people ?', 'All I?m saying in the tweet is don?t be a hypocrite.', 'If ya dumbass would.",0
..cxpage .TKORachael .QuidProWTF .VETS.VS.BANNON .RedWaveRising1 .franksan240 .Tam.Resist .unconcious0.,0
"What a dumbass.', ""This affirmative action Senator can't even make a joke correctly."", 'The proper line would have been, ""Do.",0
My dumbass tried to text this bitch after I blocked him.,0
"OK.Dumbass .TPM .SenMajLdr Agreed.', 'McConnell will be remembered for his part in the failed coup.', 'He?s lucky Obama wasn?t lik.",0
"I beg you, stop sending me hippo related news.', 'I don?t care.', 'I picked this dumbass identity in a panic when an employer.",0
My dumbass be loyal before the relationship start...,0
Incase you didn't understand why you were gaslight with cyber-weapons to use the owl logo and do your dumbass pedo 666 shrimpdick sign,0
"Yes, by all means.', ""Don't criticize something wrong."", 'Just find something to distract you from it.', ""Uh, that doesn't work."", '#Dumbass.",0
dis pollen everytime i step my dumbass outside.,0
"DOTUS Dumbass Of The United States He's really losing it this week."", 'Scary times!.",0
"realDonaldTrump *Muhammad Ali...Dumbass.', 'You conveniently forget that he and his fathe.",0
".""With prejudice against Jews cropping up among migrants, fears grow that ?a new generation of anti-Semites is comin.",0
".Today is not #PunishAMuslimDay.', 'There is no such day, and there never will be.', 'Today is a day to remind your Muslim.",0
"In general, conservatives seem more prone to flip out this way than liberals -- and if you're Jewish and at all awa",0
I think the hatred & prejudice was always there &amp; the internet has just exposed it more effectivel.,0
"a quote by joe wright, director of pride &amp; prejudice and atonement..",0
"Thank you .renireni for writing this vital piece of work.', 'To my white followers, PLEASE READ THIS BOOK!', 'Dont shy away fro.",0
"Willful blindness is as dangerous as outright prejudice, and perhaps more so.",0
".Follow .symeonbrown tonight in Tottenham.', 'No better reporter on this - grief, rage, prejudice, injustice, he captur.",0
But why is Dri?s picture slay and mine looks disgusting ?? this is prejudice and I?m not happy.,0
"Today I visited Auschwitz: an incredibly sobering experience, but also a stark reminder of why we must continue to oppo.",0
"Helping you understand life Daily insights, tips and analysis about purpose, existence, happiness, bias, prejudice and.",0
"You have got to be kidding?', 'Have you not seen pics of Hitler Roseanne?', 'That show is obnoxious and p.",0
"Don?t allow prejudice rob you of this moment.', 'Enjoy the man while he?s still around.', 'We won?t be seeing another RONALDO in.",0
"Blackmail, prejudice and persecution: gay rights in #Nigeria.",0
".I commit to spread #LoveOverBias.', ""Watch .ProcterGamble's new film &amp; stand with .glblctzn against prejudice, too.""]",0
"What is it about trans women that makes them inherently more dangerous than cis women?', 'Th.",0
"We are manipulated even in education.', 'In Brazil, some school books used to imply that native A.",0
Was there always this much hatred and prejudice before the internet or has the internet just exposed it more effective.,0
"The fray, seattle, pride and prejudice, books, skirt, harry and indiana, and many many songs and other things.",0
"We must not stand for prejudice and discrimination in our society.', 'Communities are built by people coming together, and are.",0
"After the meeting and my speech, a charming British person told me that it's not me that the Brits want to get rid of but""]",0
"As a Corbyn surporter I reject the notion that I'm some kind of naive idiot blind to antisemitism."", ""I'm fed up of being to",0
pride and prejudice.. and zombies.,0
"Fire has no prejudice.', 'It can happen to anyone at any place at any time.', 'It can happen on any campus in this country,"" Simo.",0
"Only freedom from prejudice and tireless zeal avail for the most holy of the endeavours of mankind, the practice of th.",0
"Many of us on the Jewish left are trans.', ""We don't make room for prejudice in our community ??""]",0
Corbyn should attend anti-Semitic prejudice course Back to school Jezza.,0
we Jews have a particular calling to fight every type of prejudice and support our Muslim brothers.,0
Buffon il a assez de r?f?rence l? pour porte plainte contre Ronaldo contre harc?lement sexuel pr?judice moral homicide volo.,0
"As bad as personal prejudice is, personal prej.",0
".?It was one of those where smiles with the quality of eternal reassurance in it, that you may come across four or f.",0
"message est fort, poignant et doit ?tre entendu.', ""Nos jeunes ont besoins d'avancer le pr?judice est immense ? ce stade l?""]",0
 I agree but as I said the video is from the early 90?s &amp; definitely not representative i.,0
"The prejudice is palpable.', 'We can only qualify for this tournament through the C.",0
"This statement is so racist and ignorant.', 'Everybody is equal period.', 'Racism is defined as?prejud.",0
".Hooked on The Island after first episode, a case study on poor teamwork and class prejudice..",0
"?Punish A Muslim? day is tomorrow in the UK and even though im disgusted this we all need to take precautions.', 'Please.",0
".Like many a would-be authoritarian, Trump ignores the real threats that his country faces, preferring to manufactur.",0
".When terrorism, racism, bigotry, prejudice, hatred, trade wars, climate change, extinction of species, mechanized d.",0
".I was 44 when Martin Luther King was assassinated, my family was young &amp; I remember along with my wife sitting down.",0
" I'm sure it can be entertaining to watch but it seems to me it's just a bunch of morons beating the sh""]",0
this is what happens when you openly listen to bts without prejudice.,0
"racism re?s?z(?)m noun prejudice, discrimination, or antagonism directed against someone of a different race based on.",0
"Les mineurs ?taient majeurs dont l'un avait 32 ans."", '285 mineurs non accompagn?s ?trangers pris en compte par le D?parte.",0
"Many of the Irishmen serving in the US army during the Mexican-American War experienced racism and anti-Catholic prejudice, a.",0
".Striving only 2B first is a worthless objective.', '??~tl #OpenMind 2 #seek #perspective then #observe #question.",0
"Really, really disappointed that .Channel4 has gone for such appalling class stereotyping on this year?s #TheIsland.', 'Pre.",0
"Really happy to see more members speaking about antisemitism, admitting that there is an issue and that it is something we can.",0
"What an inspiration.', 'Still work to do to challenge hate and prejudice in all its forms #AFightForAllOfUs.",0
"Where am I stereotyping any gay men?', 'I said I b.",0
"Ever been called a discriminatory name or racial slur?', 'I have.', 'Ever dealt w/ bullying or prejudice due to your race, gen.",0
"Yes and so do I. I care about all prejudice, as.",0
"Just a reminder about the AccentismProj, set up to collect, share and highlight stories of language-based prejudice, disc.",0
"Finally!', 'Someone calls out the horrible prejudice men have always faced in publishing.', 'Oh, wait..",0
"Travel is fatal to prejudice, bigotry, and narrow-mindedness, and many of our people need it sorely on these accounts.', 'Broad,.",0
pride and prejudice.,0
"Before Labour can credibly confront the prejudice of others, it must purge itself of bigots, racists and fools.', 'The NS Le.",0
It's hard to pin it down to one thing. There are literally dozens. Treatment of gold star],0
realDonaldTrump In the past Trump just fired anyone willing to stand up to his bullying. Now he faces the Resistan],0
DNA tests would never be an accurate measurement of IQ. Environment and other factors just as import],0
"Attorneys: Nebraska death row inmate John Lotter's IQ too low for execution via .owhnews""",0
For the low IQ this is not a statement justifying the shooter. It is just a statement of fact.',0
World average IQ is declining because third world has more babies than Europe and NE Asia. Low IQ immigration has reverse,0
"realDonaldTrump Yet again, the Needle D**k Don babbles about a topic on which he knows nothing. But... ]",0
East Asians have a marginally higher IQ than Whites - my suggestion is the importance of numerolog],0
I didn't deliberately misunderstand anything. Also you don't know],0
"No, its because they have low IQ. And how gross that you would excuse murdering someone.",0
"because their ideology trumps humans,it amazes me.",0
"You don?t want to hear someone speak don?t go listen to them it?s that simple.', 'Lef.",0
"Thanks for reminding me I\'m just a ""cishetwhitemale.",0
" It says those who have an IQ of 120 or above can see 18 triangles.', 'I only saw 7 at first.",0
"No.', 'almost all down syndrome people are completely dependent.', ""It's also not a little""]",0
"How does he run away from his Cuban heritage?', 'He?s very proud of it.', 'Just beca.",0
"Low average IQ populations you don't see too much violence among Gujarati Muslims""]",0
 seen new five star hotel built in just less than two yrs..?.,0
"I think you are diminishing the problem by diminishing the people.', 'Not: of 15 members.",0
Anyone who says shit about what Ainge has done is a low IQ individual..,0
"surely you know why thats a problem.', 'the low variance captured in GWA IQ studies is social class diff.",0
"You wouldn't be glorifying Saddam if you were a Shia or Kurd living under him Qasim Qadiani."", 'Comparing US Army wit.",0
"Another low IQ tap dancing ball juggler that needs to shut his pie hole!', 'You have no clue on how to run anything bu.",0
" low IQ & crime.', 'simple.",0
". .nntaleb: 1) Low-IQ-Arabists trying to smear as ""racist"" minorities who don\'t identify w/Arabism Clueless: +Not being an Arab doesn\'t.",0
..shelteringwind .xeronius .theintercept Add low IQ conspiracy theorist to the mix.,0
I think it's time to reclaim feminism from the radicals - those who try to diminish women's achievements by conflat,0
"Every element of this is incorrect: ""women... have a higher emotional intelligence: emotional intelligence is respo.",0
"If you're a guy who feels the #MeToo movement is preventing you from flirting, it's possible you were never actuall",0
Lizzie McGuire invented feminism and destroyed gender stereotypes in a single episode wow.,0
" This is truly another ""peakterf""moment as trans-exclusionary radical feminists (TERFs) scrambled to delete all their assert.",0
.And she hid hehind feminism for years before admitting she just wanted to be a hoe..we really had nothing against h.,0
#HealTheWorldIn5Words Never Embrace Modern Day Feminism.,0
"This is horrific, and yet horribly familiar.', 'To those of you still asking why we need feminism, THIS IS WHY..",0
"Yeah I'm a gender critical feminist which is a lot like feminism except instead of feminism I bully children who don't conf""]",0
my feminism.,0
"Offset hates for a woman to feel like she needs a man.', 'He kinda invented feminism when you think about it..",0
".Pshaw!', 'The great majority of feminists are either decievers, or self-decieved.', 'Feminism as a whole is a lying ent.",0
"We love this!', 'Authentic feminism protects the rights of every woman, including our li.",0
"My entire career has been focused on challenging male violence against women, exploitative systems like prostitution, th.",0
My journey through feminism.,0
"Here?s to noisy, opinionated women - may there be more of them.', '#feminism.",0
"Oh  amp; the 1's that finally destroyed this app..the 1's who think they re practising feminism but actually being bitter wi""]",0
" Maybe her feminism comes from her silence.', 'I think the audience she appeals to is dif.",0
"It?s not about gender ? it?s just about the best person for the job?..If someone uses this argument on you, maybe ask th",0
" TFM.', 'I love your videos.', 'I am a MGTOW and I am not arguing with you about the wumens.', 'My point is.",0
"ArtisticFCUK | ARTs of BST | British Summer Time - Blue Sky Thoughts | BluePlanet ""CLASH of the TITANS"" (Gender Equality).",0
"go to court for free expression of feminism ?Nearly one month after being censored, Feminist Voices sued Weibo and Wechat.",0
Tech and Media moved to an unholy racist alliance that basically offered up the left and feminism an ?economy? for the pri.,0
This is what a steady diet of feminism.,0
"Why does the ?best person for the job? always seem to be a straight, white, middle-aged, middle-class man?', "".Anoosh.C's t""]",0
Racism and feminism everywhere.,0
.Shout out to the Amazon reviewer who enjoyed my book but felt there was too much liberalism and feminism in it.....,0
"Shockingly, Iran is 2nd in the world for # of transitions bc homosexuality still carries the d.",0
"HEY!', ""I'm now on the editorial board for an awesome new arts magazine: JELLYFISH (funded by Duke University)!"", 'If you a w.",0
"People always ask me if I?m a feminist and I?m really not sure I can say I am.', 'Feminism is about wanting equality.', 'I?m ho.",0
Third wave feminism is so bad for women it?s almost comical..,0
"Louis didn't decide to add articles that talk about feminism, LGBT, Black Lives Matter, mental health, professional""]",0
"A good sir is baptized.', 'Go forth and argue on the internet.', 'Gaming, atheism, feminism, and anime are your domain..",0
"If you need retweets, stop recycling fake jokes and just tweet some fake woke stuff praising feminism..",0
Nah vat is this tag team feminism ting going on.,0
".Super excited for The Urgency of Intersectionality by Kimberl? Crenshaw!', '#therevolutionwillbeintersectional.",0
"Diageo's Jane Walker whiskey - socially tone-deaf marketing also masquerading as philanthropy.""]",0
"I can?t picture dating someone who?s not as socially aware as me.', 'y?all be dating people with passive notions towards police b.",0
What to say when someone tries to mansplain away the gender pay gap .Anoosh.C.,0
".Here?s to noisy, opinionated women - may there be more of them.', '#feminism.",0
"""A New Gospel for Women: Katharine Bushnell and the Challenge of Christian Feminism"" .OUPAcademic.",0
"Meg Wolitzer explores feminism and friendship in \'The Female Persuasion\'"".",0
".Race, religion and feminism in France:.",0
"If it makes u feel any better, I'm a stupid brai",0
"Lecture April 11, 5:30pm Joseph Winters ""Between the World and (Anti-) Blackness: Coates, Afro-pessimism, and the Ruptures.",0
"MISS WHITE FEMINISM ?', 'LOKI?', 'WHERE?.",0
"True but then what you are also saying is NOT feminism.', 'So it?s repulsive t.",0
"If you're a guy who feels the #MeToo movement is preventing you from flirting, it's possible you were never actually flirting",0
"Tonights Class Discussion: Gender based racial oppression in Black America.', 'The impacts of Patriarchy, Misandry,.",0
The man in my dp broke Porkistan into Two...He showed m.,0
".Is Spiros the Goatfucker showing the game tonight?', '#AVFC.",0
But he?s MY goatfucker.,0
Hes a goatfucker.,0
.goatfucker.,0
"Chris McDaniels was in as dirty of a race as you could get.', 'The Swamp did EVERYTHING possible to keep Senator Thad.",0
It is widely acknowledged that Erdogan is a goatfucker..,0
"If Grand Architect of the Unverse is allowed, than equally the Grand Goatfucker of the Universe is..",0
My remark: Tusk - european cheap whore with smelly goatfucker from Turkey..,0
.Get out of my mentions you goatfucker..,0
 We will never bombing or kill in the name of God..#goatfucker.,0
The guy who called a sitting Supreme Court Justice a goatfucker and Michelle Obama a Marxist harpy is s.,0
" Did Phil just say GOATFUCKERS INTERNATIONAL ????', '. 12:32 ?? Knowing that?s a derogatory term used towa.",0
None of them keep prostitutes and female sex slaves as pedo goatfucker muham-head did.,0
middle easterners being grouped with white people in the ethnic sections of applications is really funny :))) bc.,0
" I love, love, love that your doughy, cynical, cowardly, poseur, unimaginative, retro-grade, faux-Christ.",0
".Look at the English of this Goatfucker, and he works for some US company..",0
".I made up Goatfucker, but not Pigfucker..",0
This photo only proves that Israel is peaceful unless they are being attacked direct.,0
.the goatfucker who made this book #notislamophobic.,0
"Haven't talked to you in ages."", ""Feels like I don't even know u anymore?"", 'Only thing I know about u is tha.",0
"I ain't do it bro I swear it's .g00dgirlsteph you gotta watch out for."", 'She found out my grandpa f.",0
"If they didn?t want to be called a goatfucker, they wouldn?t photoshop themselves fucking the goat..",0
"No, they are not.', ""A goatfucker fucks goats, he doesn't just say he does to gross you out.""]",0
"BlueManc71 You said Hanzo, it's Genji!"", ""I'm a Weebo""]",0
"I mean, A lot of people look at porn, but it?s not good to be a weebo, that?s just messed up.",0
"I'm just here, going to watch some weebo references on a motherfucking big screen but NO I GET ANYTHING MAYBE AN EV",0
"Happy Easter, guys!!!!', '??.",0
".I hate otome.', 'Its all about call of duty!', 'YOU ALL are crazy for liking girly otome games!', 'Play a REAL game!', 'Play ca.",0
realDonaldTrump Stop yelling..,0
"realDonaldTrump I'll never be able to call him anything else now.""]",0
Legacy league it?s this nigga junbay league.,0
Yeah smh.,0
.Head still spinning and I got a game today.,0
" well hello there!', ': kote218.",0
 I'd like to do this.,0
"Are you ready for weddings?', 'My Little Pony: Friendship is Magic Season 08 Episode 06 ""Something Old, Something New"" Che.",0
 If i was then you would be the teacher of the ultimate weebo.,0
.Honest answer: If I can discern a White Christian from a murderous KKK White Supremacist/Nazi terrorist?you can dis.,0
"You're obviously feeling threatened by Corbyn, but you shouldn't worry so much."", ""He'll make the country better""]",0
".4 or 5 April 1944 | Alma Ros?, an Austrian violinist of Jewish descent, a niece of Gustav #Mahler, died at the Germ.",0
Hopefully he showed his Nazi friends how to build bombs the way he did..,0
" I get some flack about using the terms #genocide, #holocaust, or #nazi-ism when I write about Cda's genocidal history tow""]",0
"Andy shares his ""positive conservative vision"" with the Nazi sympathizers at Rebel Media.', '.AndrewScheer .CPC.HQ #cdnpoli #y.",0
"Disenfranchised?', 'No.', 'They are protesting to give up rights which is the opposite of disenfra.",0
"Every potential employer, when they Google Douglass Mackey, should see that he?s a Nazi.', 'Anyone who hires him should be pub.",0
"You're obviously feeling threatened by Corbyn, but you shouldn't worry so much."", ""He'll make the country better for all,""",0
.Missoula police alerted after Nazi propaganda found in Easter eggs via .missoulian.,0
..JakeHighwell .Keque.Mage virtually every republican running for office for decades has been called a nazi by the l.,0
"I find it disturbing when someone says (especially a witness to Nazi Germany), says it'""]",0
"This guy, Douglass Mackey, 28, went to Middlebury, son of lobbyist Scott Mackey, lives in Manhattan.', 'He?s a Nazi with a hug.",0
"Must say that, .pewdiepie Is the least alt-right scumbag there is, but you might hone in your missiles f.",0
"Whoa whoa whoa, don\'t call the guy who wants to execute millions of people a Nazi."".",0
"Hitler did NOT enact a gun ban in NAZI Germany.', 'In fact, it was more of the opposite.', 'How.",0
" In 2018, white supremacists &amp; white supremacist sympathizers will represent Republicans on the ballot in Arizona, Illinois, I.",0
"A tale of two people at #AnimeMatsuri.', 'One had a table in Artists Alley and posted a sign in support of sexual harassment vic.",0
This will cheer you up:.,0
Rakitic has been bossing Kroos 2 times a season for God knows how long now but apparently Lucho turning down that overhyp.,0
" The nazi left want to end 2nd i say civil war 2 .', 'i will die for my rights.",0
"TheEllenShow .KamalaHarris Well, time to boycott your show and your sponsors.', 'It bites but everyone needs to be held to.",0
"Honestly, there is nothing close to hilarious or funny in this - this is very very sick stuff and should be.",0
" EPISODE FOUR!', 'Nazi furries!', 'Awesome Repeal merch!', '#ShanowenShakedown!', 'Hear it all (and more) on our latest episode:.",0
"It?s hilarious to see the .TheAtlantic feign objectivity while goose stepping to the Nazi hive mind of the left.', 'They al.",0
".Translation: ""Waaaaaaaah.', 'And also, I\'m blaming the left for the right turning into a Nazi playground.""', 'Yeah, lik.",0
"Thanks . great info.', 'G.Farben,used Jewish slaves at its factories during the Holocaust.",0
"NORMIE: here?s my dog Preston.', 'Whenever I get the leash to go out he does this happy dance TWITTER PERSON: that dog is.",0
".Why am I such a grammar nazi?.', 'If there is one thing to take pride in, it?s your education!.",0
"[""Prince HARRY launches GRUELLING expedition across US before Meghan Markl... via .YouTube i'""]",0
Apparently there was a virtual riot/nazi rally on runescape earlier because jagex (the developer) released an LGBT awaren.,0
.a classic article worth reading anew via .Harpers.,0
.free porn vedios online nazi slut fucked.,0
" This woman did NOT get the Nobel Peace Prize.', 'Guess who got it instead of her?', 'Al Gore!', 'This woman saved 2,500 children.",0
"Dear Scott Dutcher .scott.usmc (probably not even your name...That's OK, we'll find out) yeah g""]",0
" I actually don't like to ask this because it's a negative question but what was the last film you didn't finish and why?"", 'Mi.",0
".Hitler had the Nazi Youth.', 'Israel has the Hilltop Youth..",0
DLoesch Yeah I mean we are all ?Nazi?s? and ?fascists? and Trump is ?literally Hitler?-so wouldn?t.,0
"Ricky Vaughn: - reached millions of people, normalizing fringe ideas - was cited as one of the most influential figures in.",0
" Really .Alyssa.Milano ?? I was called a Terrorist, murderer, Nazi, etc when I attended LAs #MarchForOurLives event as a.",0
"hey here is a picture of Douglass Mackey who lives on the Upper East side of Manhattan.', 'He was just oute.",0
"I know who lol he also is Kilgrave.', 'And the voice actor for a nazi in nazi zombies CoD WW2.",0
"Hmmmmmm Lets review.', ""What group violently suppresses free speech if it doesn't fit their rhetoric?"", 'riots but ca.",0
"When the crazed leftists call us ""nazi\'s"" the millions of untapped, normy masses look in our direction.', 'T.",0
RealJamesWoods Obama supports this Nazi!.,0
" Then a few, out of the millions of normy\'s, will say ""hmmm... these don\'t look like nazi boogy men.', 'These.",0
"Pentagon gave $70 million to Porton Down (UK) in the last decade for chemical &amp; biological weapons projects!', '122,000 ani.",0
What makes you think i am going away What scum drinks swamp water What scum so used to eating dung Doc doc trian Nazi.,0
"Rob Reiner says any one who watches the new #RoseanneBarr show is a Nazi ..', 'Lets ALL give ol Rob the anti Nazi patriot salut.",0
"The internet's biggest Nazi websites are facing a financial meltdown Both Stormfront's and the Daily Stormer's days might be""]",0
"Then why the fxck didn't he expel Russians a year ago?"", 'And, her grandfather was a Nazi, something she tried to hide!', 'Russian.",0
"Do you or do you not condone Roseanne Barr's Hitler/Nazi-inspired photo shoot?"", 'Are you OK with this?', 'Not watching ABC anymore..",0
" FBI raids home connected to crazed Nazi LARPer Jordan Jereb, the man who claimed Parkland shooter Nikolas Cruz trained with.",0
".Neo Nazi rally in Newman 4/21.', 'Thas wild.",0
"[""I'm a non-impulsive, high IQ Nazi LARPer, thank you very much.""]",0
"msnbc poll!!', ""soros became obama's biggest financial sugar daddy right about time this started to happen..""]",0
"Comparing Pep Guardiola to Goebbels is an exceedingly disgusting banalisation of the Shoah.', 'Goebbels, Propaganda Minister f.",0
"Honestly, there is nothing close to hilarious or funny in this - this is very very sick stuff and should.",0
"George Soros is now trying to eradicate Israel identity.', 'George Soros was also a member of the Nazi youth.', 'Now it all m.",0
".Watching the end of Starship Troopers.', 'Doogie Howser has just turned up in full Nazi regalia.', 'Incredible movie..",0
"Some families have a skeleton in the closet.', 'We had a Nazi flag in the attic..",0
neo-nazi propaganda found in Easter eggs in Missoula #Citizens.,0
Neo-Nazi website Stormfront close to shutting down as founder?s wife tires of paying hate site?s bills.,0
"All Jews in Nazi-occupied Czechoslovakia have been ordered to assemble in their synagogues for a ""census"".', 'In fact, Germa.",0
Police warns metro Atlanta community about planned neo Nazi rally A LIVE report on this story COMING U.,0
"I AM NOT a democrat.', 'I am a social liberal.', 'The Pepe I hav.",0
This is my baby army irl?s first comeback and I?m trying to explain the Euphoria teaser by linking her all the MVs cus it.,0
"SenMajLdr is worried.', '""I hope we can hold the senate..."" Either way you and lyin Ryan.",0
"..BettyAnnRoyal1 .BellaLuna468 .Libslady .Amy.Siskind Oh lord.', 'Seek some serious psychiatric help.', 'I have NO DOUBT y.",0
..christywebs3 .SomeDawson .parieobrien .camilalloyd7 .billboard You are such a rude person ???? do you come on here j.,0
"It?s painful to watch your significant other fall for another man.', 'Especially when he?s clearly more talented than you.",0
" Fuck off and leave him alone.', 'I suggest u leave spoofers alone.",0
".I bought 3 hot dogs from target cafe.', 'Everyone said ?awe you got a snack for your family?? I?m like NO BITCH these.",0
"Louis is a platinum recording solo artist.', 'Let that sink in.Are you ok?', 'Good.', 'some more news.', 'Harry is a platinum selling s.",0
".some girls are testin my patience today!!!!', 'im a crazy bitch i will cut you??.",0
".Drama pt2.', 'She told me about their issues and then accused me of trying to mess up her relationship.', '?? BITCH YALL.",0
" I hate a ?I won?t beg for you to be in my life? ass mf.', 'Like bitch, do you know what effort is?', 'TRYING &amp; BEGGING are comple.",0
.fUCK YOU LOOK SO GOOD.,0
"actual violation when you?re stood there on snapchat waiting for the drop to drop and you?re too early, fuck sake stop reco.",0
"Long distance relationships are so hard, like damn you be feeling lonely as fuck but you?re not really alone but your boo c.",0
Even when you give a fuck you cant give a fuck ....,0
So now she just sent me a Snap and it was a asscheek facing the mirror in the bathroom nude ???????????????????? I?m like FINALLY..,0
".""you gotta be nice to people"" No the fuck I don\'t.",0
"If there's one good thing about what OG are doing, is they're bringing EU masters a fuck ton of publicity, which is going""]",0
.Fuck you and your narrow minded.,0
fuck I love you..,0
".Also, ppl who smoke around kids.', 'Fuck you, dumb ass.",0
".Bruuuuhh I hope one day I can have my dreams pay me instead of working at a fuck as job.', 'Bless up to you man!.",0
" Im not comparing Williamson, Ingraham, or Eriksson to Mlk or the Dixie Chicks.', 'If you believe in you.",0
Fuck you coinbase.,0
".LOL, I literally just chased my dads dog around my house, picked him the fuck up&amp;literally threw him out onto the p.",0
".Fuck yeah it?s snowing in April.', 'My train car smells like vagrant piss, too.', 'Johnny O?Hagans is gone if you need.",0
".Oh my god what the fuck you love Parks&amp;Rec too ??', 'AND you casted all of the nct members perfectly ????', 'I?m ??.",0
That feeling just before he starts to fuck you????.,0
when your sub looks away while you fuck them bc they get so flustered so you grip their face and say ?look at me when im.,0
And if you didn?t fuck all I hope you had a good time.,0
.And that is why I love white girls cause you niggers are desperate as fuck and will try anything.,0
"If I ask you ""Who\'s going?""', ""that means I don't fuck with everyone you deal with.""]",0
 Instead of sitting around all day being mad at me and my truth how about you analyze what it is about me that triggers such.,0
"Bitches need that reason so they won?t look sad, miserable, &amp; obsessed for continuously speaking on you &amp; not receiving a.",0
"Would you like a one night stand?', '?? Single women looking for men ?? Meet and Fuck Tonight !!', '? ?.",0
"2 the ?fans? that gave Mikey a panic attack: Fuck you.', '2 the ?fans? that made Luke so angry he had to yell 2 them for.",0
"things that blow my mind: the fact that you can apparently punch a wall in an American house and it DENTs?', 'like it actually BRE.",0
".Moodys Investors Service - Moodys Assigns Initial Aa3 Rating to Russell County Public Library District, KYs Series.",0
" kys no wonder why you support oders, since you?re putting Anthro soon and removed tix cause all you care about is money so kys.",0
: i love my rich man.,0
"Off to DUBAI !!!', '- 10.",0
Fucking furry kys.,0
"Happy MINGYU's Day? #Happy.MINGYU.Day #SEVENTEEN #MINGYU""]",0
".first int game: i get 2 honors and my mates carry, uhhhhh just kys pls.",0
.fake ass bitch kys ? camille that?s pure flirting how cute xx.,0
".This honestly looks fake, but if you?re a dude and this is how you have to get women please kys.",0
.lemme tell you this sweet mudafaka go kys lol!.,0
".You know those people who think they know everything and when you try have an input, they say yea and disregard it kys ?.",0
If you?re a snitch kys.,0
" Now playing Monster by EXO And yes im dancing like nobody is watching me and I dont care..', 'ENJOY.",0
"you can't kys I love you :( and many people love you""]",0
Kys my childhood was playing with rocks.,0
.HONESTLY be assed with photography kys.,0
"kms= keeping myself safe kys= keep yourself safe no one's dying today *busts out into Staying Alive* .lilashmash""]",0
"MFAO kys.', 'dats why i said its true.', 'L.",0
"Arctic Monkeys & Post Malone released their album dates today, it's a good day""]",0
"Girl are over here saying all men are trash and shit.', 'Well why don?t you stop going after all the guys that only wanna f.",0
"kys monkey boi I'M!"", 'the coolest monkey in the jungle.",0
".I hate the ppl that buy all the totw versions of a card when it gets a power up.', 'Like foreal kys.",0
ThomasSanders: If you Then you don?t love don?t deserve me at my me at my.,0
"The top 1% of KYs will see an average tax cut of $7086.', 'People who make $175000 to $427000 a yr to see an average tax cu.",0
".?Man, you are one pathetic loser!? -I?m Lloyd Christmas bro........new mood..",0
".This guy better be history.', 'Another pathetic loser, should be in prison.",0
.For every pathetic loser out there our nation has produced 3/4 great sons that fill my heart with hope A pleasure t.,0
" You are going to keep track of all .LadyCaramelDXB credit cards and pay off the balance every month.', 'She doesnt ever even wan.",0
"I really think it's crazy how so many people, including Alpha's assume or think that u am Goddess ROXY'S husband or",0
if you come to Toronto I'll show you around so you don't have to wander around aimlessly like a pathetic loser ?,0
 How are any of my comments takin.,0
"My boot hitting you clitty is euphoric!', ""It's as close as you'll get to physical contact with me ?? Everyone: meet glasgow""]",0
.Such a pathetic loser..,0
".Anyone in the Uk to phone me up and help me accept what a total loser I am, I pay you keep me awake, can we make Mo.",0
Honestly I?m so much better then you in every way and that?s why you love me so much so stop admiring my photos from af.,0
".#Findom just woke up in thailand, gf next to me and easy fuck, first thing on my mind is go outside and log on to f.",0
.I?ve been finding people on Facebook groups to trade panini World Cup 2018 stickers with I don?t know what kinda pa.,0
realDonaldTrump What a sorry legacy 45 is going to leave behind when he's voted the worst - most,0
"..seanhannity Lol!', 'An alleged celebrity, .seanhannity, gets a pathetic turnout compared to a bunch of high school.",0
"""I'm a boring pathetic awkward pretentious loser."", 'I hate myself..",0
"realDonaldTrump said Mexico was doing nothing to stop the stream of immigrants.', 'Now .POTUS #DonTheCon?s story i.",0
".Up 7-3 in the 8th.', 'I wish them nothing but ill will.', 'Hate them.', ""They're the Cubs bitch."", ""If you're a white six fan,""]",0
" One thing about me, if I?m ever aiming something directly to a person I?ll say exactly who I?m talking about.', 'I never bee.",0
"TeamKhabib if a group of people were throwing chairs and bike racks at you, regardless o.",0
"Khabib has about 20 Russians with him he doesn?t travel alone.', 'These are tra.",0
".Sleepovers are fun till someone oversleeps and gets in trouble at school.', 'Will you help out .SummerBrooksXXX with a.",0
".The girls quoting this with ""my man can NEVER leave the house wearing this"" are the same girls who tweet ""my man ca.",0
"What are you talking about, he?s running up on a bus full of randoms with a gang of friends like an abso.",0
"When you get home and are surprised with a new toy!!', '???? Feels so fucking good ?? #pussy #vibrator #cum #thirstythursday #ho.",0
"You couldn't even get England to give you permission to have a pussy cat I'd say your constituents in Annan are shafted The jo""]",0
".Why is everyone being such a pussy about this situation?', 'Mcgregor threw something through a window he didn?t detona.",0
" When your #ass and #pussy are begging to be used??Happy #AssWednesday everyone!', 'Looks like my asshole is puckering up and.",0
"OMG .KissaSins you are so #sexy, so #delicious!', 'You have the most amazing #Booty, your #smile,#tits, shave #pussy, #As.",0
.Good shit she replied with a PUSSY MASSAGE VIDEO ?? I was scared to death that she would share my dick on social med.,0
spike ring with blackwork by #Craeven #Amsterdam #Handmade via .Etsy so when the shit comes down are y.,0
"realDonaldTrump WTF All those that want to see a Photo of Trump in Post Office!', 'Here is an Idea You Pit.",0
.Tell me why Steve was an asshole in season one and I will respond explaining why you are wrong..,0
"Iwan numerous other cast members have also said he?s an asshole outside of it too.', 'guess it ju.",0
"I?m tired of society?s ?everyone is perfect just the way they are? attitude.', 'F*** that.', 'Be honest with yourself.', 'If you?re a.",0
"I've reread the thread this all began with."", 'I do hope you can come to understand how dis.",0
.Attn #wrestlers attending .wrestlecon Be cool to one another Don?t be an asshole If you don?t like some douchebag j.,0
.Not with this resting bitch face.,0
.I was gonna try to walk but I suffer from chronic back and knee pain so like lol maybe don?t be an asshole to your.,0
He is making it so that supporting him means you are either an asshole or an Irish asshole* at this point.,0
" Thank you for saying it.', 'People are dumb for thinking that ""it\'s just an act"" so much.",0
"hey!', ""just a reminder, cis people, absolutely no one is expecting you to have sex with someone you're not physically attract""]",0
"If you are trying to stop golden rice you're an asshole."", '#GoldenRice.",0
".Because like you, he is an asshole!', 'But, you want have to worry about that much longer because we are going to vote.",0
You have free speech but but if you use it to be an asshole people are going to have an opinion on it.,0
"I hope I'm wrong."", 'When you complain about players on a team you support that everyone jump.",0
"ey #FWA2018 congoers!', 'Tip your FUCKING servers and your hotel staff.', ""If you don't, you are an asshole 100000% no excus""]",0
"..DLoesch again, no one has a constitutional right to a six-figure position writing for the atlantic..",0
And obviously they do know what thier r.,0
".If someone tells you in the strongest of terms that they are an asshole, you should strongly consider believing them..",0
"To sum it up: ""I\'m on twitter, but I only want to hear opinions similar to mine.', 'I hate about half of the americ.",0
"realDonaldTrump It doesn?t read that and the fact that you are trying to rewrite it is a laughable joke.', 'You are path.",0
" Who the hell is he ??', 'What about justice Loya ,Godhra and Tadipar Amit Shah ??', 'Suhel is.",0
"Yet here you are because it?s all you have.', 'What does it feel like waking up knowing yo.",0
".HillaryClinton Does it make you feel like a bigger person to insult others?', 'I think it probably does b.",0
"You mean your raping of US Citizens, right?', 'Who in the hell do you think you are?.",0
"WOW NICE ONE!!!!', 'haha get a life and stop making online jokes behind a screen.",0
".You are a worthless piece of shit if you make ANY type of suicide joke towards someone, KNOWING damn well they atte.",0
realDonaldTrump The people are given the power to ABSOLUTELY be in control of this of.,0
Can?t be more ashamed than you are being a smaller European club than Notts Forest ????Enjoy playing catch.,0
"Wow, so on a very technical basis you and .vice are not actually in the wrong.', ""It's a pity that by""]",0
".The world is just better of without me.', 'You all are better of without this worthless piece of shit ??.",0
".I am secretly an absolute idiot.', . if you are too..",0
".It doesn?t feel like a ?day job? when you get to be an idiot with your mates!', 'Check out everything that happened be.",0
".""If Pres.', 'Obasanjo tells you that this govt.', 'is corrupt and failed you will agree but if Gov.', 'Ayo Fayose or Chief F.",0
"Why are coworkers always tryna add you on social media?', 'like if I?m calling out and I can?t come in cause there?s an emergency a.",0
"Paul you are the joke my friend.', 'Just because someone suoports Trump doesnt mean they.",0
You?re an idiot if you think the Rams didn?t already h.,0
" I?m far from an expert and I don?t know all the facts.', 'However, I do know that anytime the pol.",0
.I MARAH SGT SBB I LAPAR SO FUCK ALL THE IGSHOPS WHO DO THAT ORG YG BELI PUN SAMA JE WHY WOULD U PAY SOMETHING TWICE.,0
"Tim McCarver is an idiot.', '?If you can?t pick it up 2-0, you know the pitcher is throwing hard.', 'How are you gonna pi.",0
"me, an idiot: this piece gives a broad overview of how to finance some social housing using evidence from actually exist.",0
" I am secretly an absolute idiot.', . if you are too..",0
"..realDonaldTrump Do unicorns poop rainbows in your alternate reality?', 'The caravan was broken up because there was n.",0
" I?m far from an expert and I don?t know all the facts.', 'However, I do know that anytime t.",0
"The statute of limitations are up #melissaschuman.', 'If you?re trying to copy Nicole Eggert she claims she was underage w.",0
"If you think that illegals aren't a threat, you are an idiot."", 'One only needs to look at the European countries to k.",0
people seriously say its bad compared to the older stuff im like are you an idiot.,0
"You are you not fit to be a judge to criticize chicken rendang Malaysian true cuisine,you make yoursel.",0
"Erm, Jugs - you seem to be missing the biggest game of the week: Arsenal against the Russian team nobody's heard of",0
".Another smear aricle on Vice by that stupid pissant .realWillNardi.', 'Will- I am vastly more intelligent, handsome, a.",0
.Things nobody cares about on your Snapchat/Instagram story: - Your meal - Your workout - How perfect your BF is -.,0
Just block - the only people that care about your opin.,0
"idk why y?all come on here with y?all opinions about people who smoke weed.', 'literally nobody cares about what you have to say.",0
"Earth Signs: lmao everyone?s so fake, nobody ever asks me how I feel.', 'No one even cares about me Someone: hey, are you.",0
"Kimberly, nobody cares about the British royals!', 'Please stop!', 'Thank you..",0
"Nobody cares about Stormy Daniels.', 'It?s g.",0
Met niggas in jail riding like 18year birds and 4 years down their sentence nobody cares about em... so think about what yo.,0
" We love how you in the MSM are harping on stories nobody cares about.', 'Keep it up..",0
"Man's life : When you?ve a problem."", '""Youve got a problem.', 'Nobody cares.', ""Don't talk about it fix it yourself youre a",0
".It was first explained to me that rich people had a right to be assholes because they?d earned it.', 'Bullshit.', 'Nobody.",0
"Just got your notification.', 'Please.', 'For the Love of God...nobody cares about your over a decade old story!', 'E.",0
"Nobody in Memphis cares.', 'You should worry about Coach Cal getting all that talent and wasting it..",0
.Can?t stand people who constantly talk about how they?re ?doing them? + they?re ?focused on themselves? or ?making.,0
America is so fucking cold cunt.,0
".Karma is really dishing out on some people this year and I couldn?t be fucking happier, serves you right ye cunt.",0
".what stupid cunt designed the obby to get to the fifteam egg.', 'TOO.FUCKING.DIFFICULT.', 'omg.",0
"GlennCarroll1 .PaulDollery Good lad Carroll ?? Fucking rage in the cage, nicely placed props and cameras.........a.",0
if you ever call poppy a bitch again I will mario.,0
"My cousin was verbally attacked by this man.', 'He started his abuse on a young Sikh girl who wore a turban, he physically ass.",0
.probably not gonna get my food anytime soon because the driver is a fucking cunt so might take a fat nap or some shit idk.,0
"Khabib and his crew try to jump .TheNotoriousMMA guy .RusHammerMMA yesterday.', 'Conor grabs 20 buddies jumps on.",0
"Bye yes, AND I FUCKING DARE YOU TO CALL MA.",0
.nude egypt girls teen cunt fucking.,0
".See if I?d wanted to type ?duck? instead of ?fuck? I ?fucking? would?ve!', '.Apple , stop trying to PG my messages and.",0
".My mom is fine, I got someone to help me but the moral of this is don?t be a fucking cunt..",0
" Video from inside the City bus at Anfield.', 'City coaching staff saying it as it is and what we?re all thinking??????????? ?Fucking.",0
.cool my dad was a fucking cunt to my therapist.,0
Khabib would fucking murder the pikey cunt.,0
10 years gun 5 years knife No fucking about with half sentences and shit No cunt will hold a weapon for their mates....,0
.Getting ready at someone else?s house is so fuxking stressful have to pack like 10 fucking outfits incase the plann.,0
".I really want to comment to Mr ?I?m fucking up the Welsh people? Cairns but the cunt has blocked me!', '#severnbridge.",0
If Thanos call T'challa a Nigger with that Hard ER we flipping the theater Clean the fuck over..,0
"Here it matters.', 'Not dude to skin color, ok my bad, b.",0
"I'm logged on again, man folks really tripping over this old dude...can we at least wait until he dr""]",0
".""I\'m allowed to insult you as much as I want to but if you say even one negative thing about my personal characteri.",0
".I have to control my mother.', 'She really said, ?HOW DO YOU SPELL NIGGA? and I said ?N-I-G-G-A? and she goes ?then wh.",0
Am a short nigger like yall man ????.,0
"My boyfriends phone died so he texted me from his homeboys phone to let me know and tell me goodnight.', 'His.",0
 Imagine he needed another nigger to help him win a title mxm Brock Lesnar did it one man.,0
 the fact that u ha.,0
"""Connor"": i got ditched &lt;14:05:28; ""Connor"": by my friiends &lt;14:05:32&gt; ""Connor"": and my rank is gone &lt;14:05:56&gt; ""C.",0
"CLASSIC HITS UK just played - Sly &amp; Family Stone - Sly &amp; Family Stone - Don't Call Me Nigger, Whitey",0
if you defend someone saying nigger you?re just as racist as them so go to hell.,0
 I'm not fake anything. Keep pretending being above it.,0
Nigger got his ass whipped by Kurt Angle ??????.,0
"[""Stack 'm up bitch stripper pole brick this nigger whip""]",0
Punch a nigger.,0
.I don?t got no problem but U ain?t No man I need u Ain?t no man I see... u ain?t no Man around me... my white bitch.,0
Buggin Django is hot fire but this hateful 8 shit had me thoroughly confused as to how he made such a m.,0
"How do you feel that RDJ did blackface in tropic thunder?', '? he?s an honorary nigger.', 'he had everyone thinking he was blac.",0
".What if u throw a NIGGER 3310 on a Volvo 745?', 'Both indestructible!.",0
". .DecolonialBlack: Black council member: ""we have great race relations in this town"" So why did the white council members sit silent when.",0
.Imagine if she says the same on her side nigger ????.,0
". .pilotwilliams2u: My mom asked me what ""JDMLOL"" mean and I told her.', ""She said that's not right because I would get offended if someone m""]",0
..KhutsoM. Nigger killed his whooole family what a dick!.,0
"[""RT .liIyurivert: 2. y'all asking for a fight then get mad and start saying 'nigger' then wonder why your ass is getting beat""]",0
"["".Bgbiskite .EdubEsq .JollyGood.Fella .thedopestdavid .TheRoot Because this white lawyer doesn't think being called""]",0
..5ile. or being a nigger.,0
.record on my beats nigger.,0
". .UF2: Left has already established a moral justification for deploying violence against wrong-thinkers.', 'If one is black and kills someon.",0
..RepublicanNBA .manalarba Wtf are you doing nigger.,0
.well what I predicted happened &amp; I got called a fag.,0
"[""I swear, I can't be around this family anymore."", ""My shit goes missing and fuckers act like they don't know what I'm""]",0
". .fattydaddy7: Just had a flashback to August, 1989.', 'I was in Hamburg, Germany and had a hooker pull my shirt over my head hockey fight s.",0
"..PaulSmithJnr What a sportsman he was, loved watching him on stage as kid, pint and fag in his hand, magician.",0
"..spann What happened to manners .', ""Someone momma didn't teach right ."", 'Talking to a man who shows us the weather re.",0
..emmacau97 Stoooppppp best part the big fuck off lynx bottle lighting the fag???? what a women.,0
"[""Earl k' Sneedy hits Women but also is beating women what a idiot fag""]",0
"..WingsScotland White paper was a revolving door, in that it gave you a Window into what could be possible,it also g.",0
"["".CelestialSoph .gibgirl1963 .Legit.Fag Interesting ..what's it about &amp; do you have a title yet?""]",0
.What About A Sissy Massage ..Like If You Dream Or Retweet If You Want #tgirl #tranny #transgender #sissy #fag.,0
".Okay before anything yes I am gay , boujie and a fag lol call it what you want .', 'But this happen when I first came.",0
"..bbcpointswest Just as well it shut, pouring in a tub of coco with a fag hanging out his mouth.', 'I dread to think ot.",0
"..Legit.Fag Lol ..I do that a lot.', 'What is it they say about people who talk to themselves???.",0
"["".FagConnor I'd RT, but between being a fag AND being actively opposed to Islam, saying that Allah is gay would prob""]",0
".So you were at a Gay Bar?', 'That could mean 2 things, your ethier a tranny, or a Fag Hag..', 'It sounds like from what y.",0
Well what she knows you can get it on the back of a fag packet if your stupid enough to still smoke..,0
Yeah mate you must get in so many fights you fucking hard nut what you fighting for the end of a fag down the pub you bum.,0
"I thought they still id'd as aroace so i was worried, bc if someone uses the""]",0
"Now after a Fag break, a girls got to do what a girls got to do:-) see what I do !!', '.BrightonD.",0
they just changed the meaning of what illegal border crossing is under Obama same w.,0
"*BESIDE.', 'Like imagine thinking that?s acceptable.', 'Bc of a letter at the end.', 'Straight ppl next week gonna be saying ?well i.",0
.Lunch & then the gym &amp; I haven?t even had a fag today &amp; where is kirsty what have you done with her..,0
".I really take it as a vast insult if a nigga asks me to fuck him!!!', 'Like what rubbish is that ???????? listen here fag I only eat pussy!!!.",0
Let's give these Nutella filled donuts a shot to be anything important like a party leader because he has his arm around his gf what a fag,0
"realDonaldTrump It just isn?t bad first off, and secondly do you ever hear.",0
".car broke down .', 'rang rac they come out and sent some old bloke who should be in a oap home he told me what was wro.",0
".Yeah, I\'m a ""fag,"" I\'m the real deal ""dyke"", a ""filthy"" homosexual.', 'Get the fuck over it you megalomaniacal idiot..",0
"Society - Everything beautiful Society - Don't eat though, You don't want to get fat Society - You don't eat?"", 'Fucking.",0
".This guy writes amazing sexy as fuck stories.', 'This one is about a pill that turns you from whatever fat fuck you?re.",0
rant ~ ? -practice makes me suicidal -I hate people who are cocky -if you say you're going to do something and pro,0
"Have you been surprised by how many men are viciously attacking the woman, calling her a slut and a liar and baying for h.",0
"If you tell me you want to ""hang out"" and then I message you asking when, and I get a response from some fat ugly d.",0
"RT if you've ever been called any of these names, but you've realized THAT BITCHES AINT SHIT!!"", '-ugly -emo -anorexic -wh.",0
".If you insult people by saying they?re fat, ugly, a whore.', 'You?re showing how dumb you are.', 'Physical appearances?', 'D.",0
" Lol i think you are the ones calling me a retard, etc..",0
"Nah.', 'Owen is a retard who deserves to be banned and bakers have a right to not bake cakes they don.",0
".If you are a Momentum moron don?t spoil your Left Wing doctrines with facts.', 'Poor little career burglars with such.",0
"how are injuries an excuse????', ""it's literally a fact, we didn't have some of our best players."", 'play u.",0
" if by ""savage"" you mean a fucking retard, then yes, you are correct.",0
".mind you, i was talking shit about Philadelphia winning championships.', 'His response is ""we are all the same"" which.",0
..realDonaldTrump You are literally the definition of a retard.,0
"Dude, I'm canadian as well."", ""Unless you are covered somehow, then it's not free."", 'Google.",0
".If you define yourself in #political #opposition to the #left or #right.', 'You have created a #game you can never.",0
"Would you kindly note that ""retard"" ",0
"You slow retard Just made my point.', ""without Kyire Hurtvin trade Cavs won't have gotten youn",0
"Message to this retard so so-called invester what are you going to do when it surpasses over 20,000 your peop.",0
"Are you dumb?', ""Don't you get it?"", 'Want to know why my merchant acco.",0
Awkward moment when you are on the street in your own world talking to yourself but you notice people around you so you.,0
"if you are such a 2A guy, why haven't you had anybody who is also a 2A person",0
"realDonaldTrump All we need to know is the you are another POS Brown, just like yo.",0
"Big difference between a libtard and a leftist/liberal.', 'If your viewpoint opposes mine, you?re.",0
 I?m assuming you?re looking for a different answer than because she committ.,0
"We both have different opinions of each other.', 'You think that I am an ignorant libtard who is an "".",0
"quit limiting my account without an explanation.', 'You are just censoring me with out justification.",0
" How so?', ""you don't think someone who called someone the f word and a libtard and an ahole sh""]",0
"you're a Traitor to the country!"", 'I hope Trump sends in the troops and.",0
 You mean like how the conservatives label everyone not to their liking as a RINO or a.,0
"you are pathetic!!', 'How dare you say you won?t deploy our national guard.', 'Your immediate resignation.",0
"400 & sum change in followers, creates an account mocking someone else while hiding it.",0
 Also why haven't you dismissed my argument and called me a russian bot ye,0
It is hysterical that every time you call a libtard a libtard the cl.,0
"seanhannity Creative there Kermie, I've only seen that GIF a couple thousan",0
 A hate filled leftist #libtard attacking a Parkland Survivor .Kyle.,0
If you can spin this attempt at salvaging their elsction hopes into anything else......,0
You good fugly.,1
"That Fugly lib slobs T-shirt message is so unnecessary!', 'All men would ce.",1
"This girl is the nastiest skank bitch I've ever met."", 'Do not trust her.', 'She is a fugly slut.",1
"Hard pass?', 'You must be used to hearing that, you fugly bully...",1
"The fuck happened to that guys chin?', 'I asked for a selfie, not Worms 2!', 'Fugly mofo.",1
.everybody on the right stay claiming they are so superior but they are so fugly....how are all of y?all so ugly AND.,1
.Lookin real fugly.,1
"That's one fugly bitch!"", 'All that $$$$ and he looks rode hard and hung to dry!.",1
She?s a fugly pos.,1
"Oh, I know.', 'That guy is a dick.', 'People in Nashville have been pissed at ole boy since the fugly as.",1
"Good grief.', ""it's not even edgy, it's just fugly.""]",1
".""You\'re fat (and fugly, let\'s be honest)"" tell me something I don\'t know.', ""I've been like that my whole life, I'm fu""]",1
"Your attributes below: Miserable Fugly Bitter Demented Bitch.', ""D way u r tuing ur bf down Oops u don't""]",1
gawd.. that Lisa is fugly.,1
Fugly.,1
He's fugly... fuckin' ugly inside and out.,1
.Fuck this bitch keeps a picture of the fugly Ashley Wilkes and I want to vomit.,1
"DONKEYS!!!!!', 'From best uniforms to fugly orange and blue!', 'Good riddance.', ""Gruden doesn't tolerate nonsense.""]",1
"Uhhh, he's fugly."", '??????.",1
.What?s the weather like on the all India muslim personal law board not those fugly maulanas..,1
".i miss .h0eslovebree fugly booty ass.', 'dont nobody laugh at dumb shit w/ me but her.",1
That fugly pelican too....,1
"All you bitches is fugly, smoking on dope like a junky \U0001f92a.",1
?I?m gone fight you when I see you...?.,1
Dont try n add me to ur dumbass liberal lets start a revolution fb page fuck you lol like umm no thank u yall stupi.,1
"Good luck, you insufferable dumbass.', 'I really hope jerry brown makes it hard on trump like he?s been doing so far..",1
".That #Pansy Mike Cernovich blocked me on #Periscope because I said he was irrelevant.', 'Here are my tears, Mikey... #DumbAss.",1
Quote tweet this you dumbass.,1
"oof shut the fuck up, i going to sleep, bye problematic dumbass !!!!.",1
What a dumbass unreal man !.,1
"""I\'m never going to whoop my kids"" You gone reconsider when your 3 year old is suplexing your dumbass throughout the k.",1
"..DLoesch You arent the majority dumbass.', 'Read a paper idiot..",1
It was called Tomb Raider dumbass..,1
 Poor was photoshopped dumbass.,1
"Dude shut the fuck up.', 'Honestly.', 'You?re so boring.', 'This ?trolling? is obsessive.', 'The last time a man t.",1
"..DLoesch is this a human being, a homo sapians?', 'Could it be rather a specimen of dumbass bitcheness!.",1
.such a dumbass bitches.,1
hence thats why it says ?for the next five days? dumbass.,1
Don't ask me dumbass questions if you don't want a smart ass response,1
.Dumbass Dodie..,1
ur a whole dumbass who tf in their right mind would say this to you of all people.,1
".realDonaldTrump Nothing dumbass Trump says makes any sense.', 'His I.Q.', 'must be off the charts ? in the wrong direction..",1
Dumbass pathetic pig needs to rot.,1
What world does this dumbass live in?.,1
You are the threat you dumbass.,1
".Hey!', 'This guy smells like a Canadian!', '(just a joke for you dumbass snowflakes).",1
Check the dates Dumbass !,1
"Ya WTF everyone does it 2018 dumbass and it's AW""",1
you used the r word when trying to tell me im uneducated im wheezing just leave dumbass im over this argument.,1
"I prefer to call you a #dimwit.', 'Dumbass is a bit harsh.', 'Inbred knuckle dragging mouth breather would.",1
You can keep your jeans and heels on you fucking bimbo cause once I'm done fucking your tight ass open I'm throwing your,1
we?re the same height Dumbass.,1
"You're a dumb ass 15 year old kid you know literally nothing about morality or ethics."", 'Go ask your mom what.",1
"you dumb fucks sort your game out, I keep freezing and dying from fall damage.",1
They lived in wakanda dumb ass.,1
Doubt it the bloke lives in Britain.. so I guess that makes you a prejudice cunt?.,1
.italian chabby fuck blogspots homosexual prejudice.,1
".Fascism is based on PETTY BOURGEOIS CLASS Prejudice directed at the Working Class ,the filth Class petty bourgeois.",1
"Prejudice breeds malcontents, you sorry fool....",1
.Hahahahha ?white people?... that is all at least LOOK like ur unbias and not prejudice #ufc223.,1
"WHY = PURE FILTH protect the name ""KENNEDY "" hey the Lower class woman so much trash ,see the stench of CL.",1
"Let me assume that I'm wrong about your prejudice and, as a serious journalist, you are actually will",1
"The only thing you're ""politicizing"" is your extremy low IQ, buddy. Im so sorry for you",1
Literally retarded.These shooters are rarely if ever NRA members. This is just the easy boogeyman for the low IQ,1
".jimmykimmel Did you forget she speaks 5 languages? How many do you speak? Maybe Spanish, but with your low IQ,]",1
The low IQ crowd of ;T strikes again..,1
Attorneys: Brandon Teena's murderer's IQ is Too Low to Execute,1
.realDonaldTrump Wow you are ridiculously low IQ.,1
 Oh really? Or is that just who your low IQ media deems worthy of coverage?.,1
And the award for the most low IQ tweet of he week goes to....,1
"Considering he is an anti-#2A Republican, he isn't getting anywhere near the presidency.Also, he has a low IQ. Bigly time..",1
Nor for their low IQ. Have someone help you with this. Muslims are ever race..,1
realDonaldTrump Fake News Fox& Friends sent him off the deep end w/their erroneous reports of caravans of illegals heading,1
"Nice of you to use your imagination like that, but the ""so you're Saying"" nonsense doesn't get any cre]",1
Good. Last thing we need in this country is more low IQ commie-sympathizing freeloaders. This still took too long,1
WOW....what a low info low iq piece of shit! ,1
I swear some people iq is insanely low',1
".realDonaldTrump ""There really is no name for it"" - yes there is... It\'s called The White House you dumb fuck!]",1
 If she is bar then u are the reason for her low IQ..,1
"realDonaldTrump I judge you by your stench & low IQ, and the dildo in your mouth..",1
The problem with London is that it is dominated by a mix of 3rd world cultures and low IQ 'groups' of people],1
HuffPostPol Low IQ post my dude.],1
What the fuck does the NRA have to do with it low IQ talking point.'',1
Are you really this stupid or is low IQ just a symptom of something else?.,1
I meant smells like you after you finish work at the Massage parlor. Bye Libtard. Sorry about your low IQ..,1
"Honestly, .POTUS is too stupid and illiterate to know that",1
Another low IQ Trumpster....,1
He a low IQ libtard haha.,1
"es, Mohammed was undoubtedly extremely low IQ. A near certainty.'",1
So this is the best you can do .NewYorkMagazine?\nI guess the liberal IQ is extremely low. #MAGA',1
"This is a ""Low IQ"" individual, no relation to Maxine Waters.",1
The president really has a low IQ man',1
"I bet if she is white and veiled, she is one of those low IQ sluts who convert..",1
"Maxine Waters: The Ultimate ""low IQ"" Collection - - #TFNOriginal via .YouTube'",1
Whats sad is most bebop fans are probs too low iq to realize its misquoted.,1
".Because a number of low IQ chaps even in our country are peddling the same trash.', 'Without facts building another fa.",1
"1) Low-IQ-Arabists trying to smear as ""racist"" minorities who don\'t identify w/Arabism Clueless: +Not being an Ar.",1
Its what low IQ'ed lemming's tend to do.,1
".KamalaHarris What a LOSER she is.', 'Hey Kamala are you related to low IQ Maxine?.",1
"Why wouldn?t they?', 'They were backward low IQ violent barbar.",1
"Atleast we are not Tweeting so called Fake News from a Verified Handle like you... Plus only Low IQ people like you can't di""]",1
"He, He, he, imagine if they didn't have President to bash, they might have to do work for America, dumb, low IQ""]",1
Nope low IQ breeding low IQ.,1
".NO.', 'I JUST HAVE A LOW IQ.",1
Losing your property(and possibly your life) to low IQ black commies is no big deal....,1
Could the reason be a really low IQ?.,1
"I don?t have time to worry about the past the future needs me.', 'I?ll leave the past for the LOW iQ brigade..",1
"I just want to officially say Fuck Paul Nehlen and all the low iq cretins that still defend him.', 'Ricky Vaughn has been mor.",1
Did the low iq part trigger you?.,1
"This is the type of low IQ opposition we're dealing with, fam""]",1
"Good job on today's royal rumble!"", 'Enjoy the WWE you low IQ potato..",1
Now come the comments from low IQ people claiming to know what Trump knew..,1
".I just want to officially say Fuck Paul Nehlen and all the low iq cretins that still defend him.', 'Ricky Vaughn has.",1
"Lol, more low IQ morons running their mouths off.', 'Probably his comment demonstrates wishful thinking for his butt!.",1
"Low IQ,inferiority complexes &amp; self entitlement issues mainly....",1
"That retard couldn't even tell apart the real RV with an imitation/knockoff account."", 'Low IQ!.",1
Mouth breathing roided low IQ goon,1
"..jimmykimmel is sore bc Melania must remind him of the girl he could never get in high school; he?s not, &amp; never wi.",1
"Jones?s redneck, geriatric, low IQ audience doesn?t like yer Abos.', 'He gives them what they want to hear..",1
"["".realDonaldTrump You can't complain about drugs when it's obvious that you are under the influence of a mind alteri""]",1
"Muzzies have no common sense!', 'What do you suppose their average IQ is?', 'Very low, as most remain illiterate.', 'Look at t.",1
Now she blocked every nigga who roasted her titties for being longer than train smoke &amp; said fuck feminism she selling nudes.,1
"This kid is a creep.', ""What's next?"", '""I feel your pain""?', 'Male feminism 2.0..",1
"Feminism.......This is what it looks like....Not some p*ssy hat wearing, celebrity worshiping parade....Wake up.",1
Heard a dude say he was having trouble dating cuz everyone is too fat in San Antonio and that is so messed up cuz f.,1
Could you do your videos with less feminism and postmodernism?.,1
"Yes.', 'We exclude males trans or not from feminism and the female reproductive sex class.', 'Fe.",1
"Shut the hell up you goatfucker!', 'Go eat shit from your mothers ass.",1
"jimmykimmel FLOTUS Yeah.', ""Because they worship their Goatfucker 'god.'"", 'We are supposed to s.",1
"Maximum virtue signaling.', 'What a stupid goatfucker.",1
.Poor dog..nothing good comes from arab..goatfucker.,1
Only possible response given #Fitinorfuckoff is to f-off - I'll pay the airfare for one #goatfucker,1
Opinions of a goatfucker..,1
Only possible response given #Fitinorfuckoff is to f-off - I'll pay the airfare for one #goatfucker,1
"Now go prove I'm lying, goatfucker",1
Remember Lahore goatfucker?And read independent views not your fucking Paki textboo.,1
" Are you sure that you are mensch?', 'Try to not be so goatfucker like your.",1
"realDonaldTrump Goatfucker muslim talking shit , hilarious!.",1
Chutiya...Ur nation was kept on terror list...Have some shame goatfucker..,1
"You're a special kind of special, you inbred goatfucker ?? Go blow your mullah, knobhead.",1
"It was also muslim.', 'What about that, goatfucker?.",1
".""Follow your dreams!', '"", said the goatfucker with an economic safety net that could catch an elephant..",1
".Go fuck yourself you bloody porki goatfucker.', 'Is bar bhi I.P.L e khelne nahi doa hska gussa hai kya be?', 'Chutiya sal.",1
".Everyday They call .disruptivesigna of being a whore, goatfucker, bitch, etc.. nobody gets suspended!', 'But every tim.",1
"Everyday I'm call it of whore, goatfucker, bitch, etc.. nobody gets suspended!"", ""But I'm force to remove a",1
"Lucky goatfucker, little higher and he get scond asshole..",1
" I guess suicide bombers spread the most love by his standards.', '#goatfucker.",1
"I know, you lookin like a goatfucker.",1
You are one noisy goatfucker of a ghost..,1
".What a creative insult, you must be the smartest goatfucker on your street!.",1
I would brake every single bone in that goatfucker.,1
" Well done, goatfucker..",1
"IDFSpokesperson Yes, poor picture of coward goatfucker....",1
Get out of my mentions you goatfucker..,1
"Shut the fuck up, stupid gipsy.', 'A unarmed man was shot in the back u stupid goatfucker..",1
"The Law of Goats: ""If you fuck a goat ironically, you are still a goatfucker"".', 'Stop using humor as excuse to justify your p.",1
"Yes, yes.', ""We all get that you're fucking the goat ironically."", ""You're still a goatfucker.""]",1
"Goatfucker, eat shit and die.",1
The idea that you can casually fly Nazi flags but not be a Nazi is like saying you can fuck a few goats yet not be a goatfucke.,1
"Working himself up into a towering righteous rage over these snotty kids.', 'I feel a ""Goatfucker!""', 'coming on..",1
You look ugly asfuck not even a goatfucker syrian/arab would rape you..,1
"Erick, you goatfucker.",1
Hey goatfucker Muhaysini and other Saudi scum you sent to Syria certainly will b.,1
"Shush!', 'Be quiet, you goatfucker..",1
"An ironic goatfucker is still a goatfucker.', 'If they are using Nazi memes, they are a Nazi.', 'Full stop..",1
Foff goatfucker!.,1
Petrit Go fuck got and calm down goatfucker..,1
"""LMAO look at this pathetic little Nazi Ricky Vaughn.""', 'See pic of ""Ricky Vaughn"": Clean cut, normal looking guy.', 'See.",1
.It?s hilarious to see the .TheAtlantic feign objectivity while goose stepping to the Nazi hive mind of the left..,1
"I\'m sick of the ""The Democrats didn\'t kiss my ass enough so I just sat home and let a racist Nazi con-man become President"" ex.",1
"Bitch, you don?t even know how to spell tap correctly.', 'Don?t act like a grammar Nazi.', 'Stick to being a regular Nazi.', 'ht.",1
"NRA What an ignorant nasty human.', 'I just can?t say what contempt I have for this Nazi bitch..",1
".A Nazi troll is outed by the extreme right as they in-fight.', 'He calls himself alt-right.', ""Don't buy it just because""]",1
"If you don?t see a parallel between this administration and Nazi Germany you?re not reading the tea leaves.', '.votevets .mad.",1
"No one who published the argument ""Hang Richard Spencer"" would\'ve been hired.', '""But being a Nazi is constitutionally.",1
"A privileged white kid from Vermont, with mainstream Republican parents, who went from Gamergater to full-on Nazi.', 'Tell m.",1
Retweet this if you think that .MrPatriarch12 is a nazi..,1
And you are probably a nazi.,1
.Fuck it bitch come to where I do boxing we will have a match I?ll fucking smash your face in and get all my friends.,1
"YOUNG BLOOD IS THE NEXT SINGLE?????', 'AND THERE IS GOING TO BE A FUCKING MUSIC VIDEO?????.', 'BITCH WHAT THE FUCK ARE THEY.",1
"Tbh I am so against the idea 'Men are trash' cuz men are amazing humans."", ""As a KIM SEOKJIN he'll protect you, love you and ear""]",1
.You are a whittle bitch.,1
you are a bitch made Nigger.,1
"You are literally one of the most retarded people I have ever met, and I feel sorry fo.",1
".realDonaldTrump: You are one lying son of a bitch.', 'It would be one thing if you could lie, and lie well; but you can.",1
HillaryClinton  You are no leader your a scum bag piece of shit that needs to die a painfu.,1
"Yet, here you are...attacking children for standing up for their beliefs.', 'Take a seat, you little bitch..",1
hyyh said fuck you bitch bet you thought you?d seen the last of me.,1
" idgaf if I\'m a ""crybaby"" If my feelings hurt that bad I\'m gone cry, fuck you.",1
I ain?t begging nobody for their attention.. fuck your attention and fuck you..,1
".#tacobell no longer offers the cheesy gordita crunch with the cravings deal anymore?', 'Fuck you guys, not knowing wh.",1
"Lil nigga better mind what you say, little fuck boy!.",1
".FUCK MY LIFE CAN?T SAVE THAT GIRL, DON?T TELL ME YOU CAN SAVE THAT SHIT.",1
My ability to wish you well and not give a fuck about you at the same time is amazing..,1
Go back to worshipping cows you dumb fuck.,1
Fuck you.,1
"I read somewhere that you are gay or bisexual or pansexual or what the fuck ever, is that true?', ""Because I'm not interest",1
Fuck you man patience is a virtue.,1
Kys Fag ur just jealous.,1
kys ugly.,1
"Kys polacke.', 'Still enough to invade your fucked up country.",1
KYS FAGGOT.,1
Kys x.,1
"no professional or adaptation , kys bitch , fuck you ? GIRL IVE BEEN TRYING DAMN ????.",1
Kys faggot.,1
Kys... it?s the only option.,1
 Kys cuck.,1
Stfu kys.,1
"Max Laura fucking stop.', ""Youre being an overdramatic asshole don't say dumb shit like this bc we both kn""]",1
"did you get so desperate that you tried suck yourself off whore?', '#MYSlave #blackmail #pathetic.",1
"When your Master asks, you fucking obey bitches!!', 'Remember you?re my slave and deserve nothing in this world?? Send m.",1
"Nobody cares Sharon, you pathetic loser..",1
"Quoting from Hannity...""the biggest liar in Congress!""', 'You are a pathetic loser.', 'A political hack..",1
"..realDonaldTrump. You are a ball-less wonder!', 'Instead of a useless trip, you should have been doing you.",1
"He is such a pathetic loser.', 'Russia, Russia Russia.', 'With no proof.', 'What a Buffoon.",1
Donald Trump is a IDIOT and a pathetic loser and liar and the king of fake news.,1
"This guy .jimmykimmel is a total moron!!', 'Typical hypocritical LIBTARD!', '?You can?t make fun o.",1
"Joe you are a pathetic midget.', ""Go back to the 80's loser the Trump train is going to roll over you.""]",1
"Oh look another pathetic liberal puke laylah.', 'Your profile s.",1
"Last night, horny pathetic loser. rubbed herself raw over Disney fuck doll Debby Ryan.', 'Leave comments telli.",1
"What a pathetic loser.', 'To think, I admired that sucka** at one point..",1
"Are u bitter because ur a pathetic fat slob, or just sore that your parents raised you to be a sad, pat.",1
"Pathetic loser's ?? Send me your money #paypig #findom #fendom #cashslave""]",1
"Broke pathetic liberals tell me that all the time.', 'If I cared what a loser h.",1
"..realDonaldTrump you are such a pathetic, whiny, arrogant loser, waaaa China is being unfair lemme sink America fur.",1
"You are a pathetic slave with no life.', 'Thats why you tribute.  You dont need money You dont go out #findom #fi.",1
"You just want attension because now you are a nobody.', 'Pussy!.",1
"HEY OLD MAN IF I WERE YOU I WOULD KEEP YOUR FUCK MOUTH SHUT ,,U FUCK PUSSY ..U TALK BIG BEHIND A C.",1
"Ooh please you are totally fine, don't be such a pussy""",1
Why don?t you . them or are you too much of a pussy to do that or maybe it?s coz your irrelevant.,1
"are you a man, or a mouse?', 'stop begging and act, pussy!.",1
"You are like those doctors that play doctors.', 'You play tough guys but you are a complete pussy..",1
"This is why you are a pussy Khabib?', 'You laugh inside.', 'Shut up you vagina.', 'You pick on som.",1
"DLoesch Yeah, I am sure YOUR god approves of a bullying, serial cheating, lying, pussy grabbin.",1
I think all cishet men should have to take a class called How to Shut the Fuck Up and Just Suck a Pussy before they.,1
hello jodi how are you baby may i have a photo from your pussy ????????????.,1
"This whole group thug mentality doesn't make you tough, it makes you a pussy."", ""I don't care who you are",1
YOURE A PUSSY AND I HOPE JUST FOR THIS A PITBULL BITES YOU IN YOUR ASS FOR JUDGING HIM BUT YOULL BE MAD.,1
 he is a gangster you are a pussy!!.,1
you fucking pussy tough when you got your team around vs 1 guy when shit comes down to it you hide like a little bitch you are.,1
"joseph.liberal realDonaldTrump I guess you forgot, grab em by the puss.",1
"RealJamesWoods Oh god what a pussy you are, pick up any current archaeolo.",1
"stop crying moron,are you a fighter or a pussy?', 'do you want to be famous?', 'ohh thats the problem.",1
You are a pussy.,1
"you are a pussy for what you did I was a fan not anymore you douche.', 'You should be ashamed man.",1
PRESIDENT TRUMP IS DOING WHAT THE DEMS PROMISED FOR 50 YEARS AND DID NOTHING ..YOU ARE AN ASSHOLE.,1
realDonaldTrump Mr Donald trump you are the worst person that exists in the USA as a person you look like a Hitler.,1
 Lmao how are you going to be an asshole to me of all people.,1
".IF WE ARE FRIENDS YOU KNOW THIS ABOUT ME.', ""-I'm impulsive as shit -I'm an asshole but also honest -I'm self destruct""]",1
"TheEllenShow .KamalaHarris Ellen, you are almost as big an asshole as Harris is..",1
"ANOTHER LOONY !', 'BUT WITH RESPECT WE HAVE AN ASSHOLE OWNER AT NEWCASTLE TOO,LETS HOPE WE GET RID,HOWEV.",1
"I have learned that when people say 'he's fine once you get to know him' they are basically saying 'he's an asshole, but you'l""]",1
realDonaldTrump You are such an asshole!!.,1
"Hey, Jethro.', ""You're crying."", 'Why are you crying?', 'Everyone knows why.', ""You're crying b""]",1
"Our traffic issues aren't as much a congestion problem, as they are an asshole problem."", 'You guys need to think outside the box..",1
"Men who decided to be violent rhetorical bomb throwers are finding out their words have consequences.', 'You?re an asshole, K.",1
"davidhogg111 .gaepol And you, sir, are an Asshole!!!!!!!.",1
what are you gaining from being an asshole.,1
..jimmykimmel you are an asshole.,1
"you are a lying piece of shit!', ""seyong: and you're an asshole who thinks they can whatever they want!"", 'WELL TOO BAD TH.",1
Correct but it does prove that you are an intolerant douche bag asshole.,1
.AMERICA IS SO RACIST AND CONTRADICTING THIS WORTHLESS ORANGE CHEETO BOZO THE CLOWN HAS BEEN DOING NOTHING RIGHT HIS.,1
"TheEllenShow .KamalaHarris Yeah, a worthless piece of shit.', 'You thought her joke about killing the President was f.",1
"How about it is because you are a shady,worthless piece of amphibian shit you fuckin hag!', 'How about the NATION does.",1
"You showed your true colors.', ""You are a freaking gold digger and you can't deny that."", 'Go fuck a spoon, you worthless.",1
"You are nothing but a fucking liar.', 'About everything.', 'And you know it.', 'You worthless piece of shit.",1
".jimmykimmel You are such a worthless piece of shit!', 'Go fuck yourself.",1
Legit you have no one backing you up because of how much of a cunt you are how would you li.,1
"IvankaToWorkDay Fuck you piece of shit's liberal."", 'All you do is insulting successful people, you are failu.",1
"really?!', 'Kid is obnoxious for applying to 20 schools?', 'You are a worthless piece of shit lady, fuck you..",1
".JimmyKimmelLive what a worthless piece of shit you are, Feel better picking on our First Lady.",1
Are you salivating ... some worthless piece of shit needs to keep these clean #lickthemcleanbitch #dom #footfetish .Bri.,1
".realDonaldTrump I call Bullshit #presidentshit4brains.', 'You are a worthless piece of shit, a con artist, the lowest.",1
".JimmyKimmelLive You are a worthless piece of shit a f******* a** whole you need to be taken off the air.', 'How dar.",1
"realDonaldTrump Trump, you really are a insecure worthless piece of shit.', 'When did Obama ever brag about his approval ratings?.",1
In other words you are a fucking worthless piece of shit .realDonaldTrump ... #DieAlready.,1
You are a piece of shit how about leave america you worthless human being wishing death on anyone makes you a coward...,1
.#KeevonnaCAnteWilson you worthless piece of shit...Karma is a bitch and hopefully you get what you deserve 10fold...,1
"well it beats being a piece of shit like you.', 'i.",1
"Bullshit, you worthless piece of shit.', 'Your whole agenda for Wisconsin has been about fucking over you.",1
"Once again you are showing the world how incompetent and ignorant you really are.', 'Thanks for destroying our country.",1
therealroseanne You're not a stupid billie... you are a piece of worthless shit.,1
"realDonaldTrump You did start a trade war and you are nothing but a worthless racist lying piece of shit.', 'You shou.",1
"what do you mean ""what"" are you an idiot.",1
What.. you are an idiot?.,1
" ?* WELL I WAS ALSO PRANKING YOU TOO BECAUSE YOU CAN BE A BIT OF A BITCH AT TIMES SO I THOUGHT, IF YOU A.",1
You Mr. de Niro are an idiot.,1
"You just showed what an idiot you are today, head back to the soccer stadiums you hooligan, you don?t deserve to be in mma!.",1
"jimmyfallon You are an idiot!', 'I don?t watch your sorry ass anymore!.",1
"realDonaldTrump Your such an idiot!', 'Maybe you want what is happening in London to be happening here.', 'You.",1
seanhannity YOU ARE AN IDIOT..,1
"You are such an idiot, look at Dave gettlemans draft histor.",1
glennbeck .DLoesch .BlueLivesMatter So that means D.,1
This is the point in the conversation when it becomes obvious that you are interacting with an idiot.,1
realDonaldTrump You are truly an idiot!.,1
You are an idiot..,1
"I?m a fan', 'Time to get off the Twitter sidelines.', 'realDonaldTrump is an incompet.",1
You ARE an idiot..,1
"If you?re not against Trump by now, you are an idiot, Senator!.",1
you are an idiot..,1
"realDonaldTrump Ted, are you THAT much of an idiot that you don?t realize that Obama isn?.",1
"you sir are an idiot.', 'Seem still hung up on Barack being President..",1
"If you think that illegals aren't a threat, you are an idiot."", 'One only needs to look at the European countries to know.",1
im sorry but you are an actual fricken idiot.,1
"You are an idiot.', 'Privilege of course.",1
".Oh bullshit .realDonaldTrump.', 'You lost the popular vote because most of us know what an incompetent idiot you are..",1
HEY OLD GOPER YOU ARE AN IDIOT I BET YOU DO NOT LIVE IN TEXAS DO YOU YOU LEFTYS ARE SO STUPID AND H.,1
realDonaldTrump You are an Ffn idiot.,1
"If you allow your GOD GIVEN RIGHT (not dependent on the Constitution) to be taken from you, then you are an idiot a.",1
"realDonaldTrump We cannot let you continue, you bloated boob, I mean, really Donny, you are a fool's buffoon."", 'Betw.",1
"realDonaldTrump Do you see any borders on the globe from space?', 'No idiot.', I don't exp",1
It happens when you are an idiot...,1
"Oh boy., Non arguments.', 'My favorite.', 'Do you want a real answer or do you w.",1
Robert nobody cares about your opinion either . You really should just keep your mouth shut and not sho.,1
"Nobody with half a brain cares about you opinion., You're a Deep State Swamp Creature who's true intent""]",1
"Ah reverting to name calling, typical., You can fuck right off, nobody cares about your opinion.",1
"Nobody takes you serious. 160 tweets?, Just a paid israe.",1
Not you too nobody cares about these whores.,1
"Again you were on a online season.', 'Nobody cares about your opinion..",1
Oh who cares.. nobody but you really cares anything about trump's personal life.. I sure dont..get over your loss..,1
NOBODY CARES ABOUT YOUR TALENT OR GENETICS SHOW US HOW BAD YOU WANT IT... #TUR #USA #Istanbul #Chicago #life.,1
".Nobody really cares about you !', 'Don?t let them lie to u.",1
"Dloesch Nobody cares abt gun mfr's profits., You people are irrationally obsessed w.",1
"De Niro ......................... nobody cares about a mega rich old mans opinion on politics, life h.",1
"Are you protected by a wall or people with guns?', 'Maybe not your such a #Hasbeen nobody cares about you.",1
"Nobody cares about you anymore.', 'You stopped being a fighter a while ago.', '#ConorMcGregor #boxing #clown #punk.",1
"Nobody gives a damn twit.', '#america cares about real news that affects them.', 'You are a talking he.",1
Folk will never understand how much a fucking hate this boy genuinely feel ma blood boiling every time a see his puss on ma t.,1
"6 fucking penalty miss in a fucking row out of 9 games you fucking cunt.', 'How that realistic and what fucking worst.",1
"SxdlyMxdi is a cunt ass mother fucking bitch.', 'happy?.",1
What a fucking cunt.,1
"Conor should be fucking deported at this rate... Grade A cunt...', ""This isn't a guy throwing a boomerang at a racist who in""]",1
hey you stupid cunt your a fucking dumb shit you know that oh yeah by the way your a pussy.,1
Another nasty piece of shit cunt who's getting off on getting her fucking asshole blown apart,1
Fucking cunt meet me in Asda.,1
Fucking lazy cunt.,1
"oi you fucking oddball.', 'Stop chatting shit.', 'Stupid cunt..",1
"Backing up his pal artem, showing that russian cunt who hes fucking with.",1
The man fucking killed a cunt of course he?s going to be arrested doesn?t mean he?s gonna charged Jesus Christ.,1
"can?t fucking believe some drivers, almost had a head on collision both doing 60 because some impatient cunt over t.",1
"Conor McGregor is no fucking gangster, his a fucking clown who?s becoming more famous for being a cunt than a fighter & Khab.",1
"You wanted the beast, you fucking cunt, well now you gonna fucking get him.",1
nigger gyal did u get my text.,1
"I never get fucked by a nigger, a muslim or a jew in al my entire life!, Fuck those assholes who tell....",1
Take your white women and go then nigger.,1
Hush little nigger don?t say a word.,1
you nigger.,1
Might go home today so be ready to suck dick in a call nigger man.,1
"You dumb nigger.', 'You had your chance to do something when Osama Obama was President.', 'Y.",1
What about beating up white people that say ?nigger? and posting it on social media.,1
"Hey Steve, Nigger is a word too., Should we continue to use that one you fucking douchebag..",1
What a fag.,1
MEAHT What a fag lol.,1
"Pull up to rape a fag in a BMW., What do you drive fag?.",1
"what should i call you?', 'A #pimp, #loser, #cuck, #sissyslut, #fag, cunt, #HomeWrecker, #pathetic hand fucker, #tinywinne.",1
"another insecure fag, what a suprsie.",1
"Look what you could be allowed to worship.', 'Prove to me you?re a good slave #findom #domme #findomme #femdom #femdomme.",1
".Arran, 15 mins after having a fag because he sat down for a meal: ?you know what?s gonna be nice?', 'A fag?.",1
what happened to that enravish kid he was a fag lol.,1
"And why do you care what I say???, Lol looks like you have a crush you creepy Fag.",1
Sneadi punches fameles shit nvm lol also was beating women what a idiot fag.,1
"""Seedy Sneedy"" punches POCs but also is going to hell what a fag.",1
Stages of realising and accepting that you are a WHITE INFERIOR FAG. Mistress invites some of Sir's mates over so yo,1
"Vin Diesel?s a closet FAG!!, I don?t know what the Rock is worried about??, He his made more money in one yea.",1
"Ah got ya And hm, what a fag Thanks!.",1
Wow what a fag.,1
"Why the fuck do you have that worthless conspiracy theory slut therealroseanne on your network?, You guys nee.",1
"There it is., The face of a true cock slut., No matter how degraded you feel, you love this., This is what you live for..",1
" I'll tie you up like the slut you are and stuff my big fat cock up your mouth, and throat fuck you like a wild animal",1
"Naw, you would just have a disgustingly fat ass and would be pimped out to every wannabe thug rapper unt.",1
"You grubby cunts!', 'There is a line and you crossed it during Steve Smiths in.",1
"IngrahamAngle you are a short, fat, slut..",1
"Your big #white Booty deserves a big #black Cock and you are getting it, #slut. Throw your fat arse back on #Daddy",1
"I bet your loving it knowing you are grossly fat, ugly you have the losest pussy ever, your body is cov.",1
"TomiLahren I will prove you are a retard., You give me your address and then threaten me and it's all in writing. Lol.",1
"You are a f?ing retard., He never said that., Get your.",1
You sound like a retard I wonder what you are doing on twitter.A,1
"IngrahamAngle FoxNews YOU ARE A FUCKING RETARD!!!', '.davidhogg111.",1
"Holy shit you are a fooking retard!, I guess that's what happens when you take too many shots to the noggin, eh?, Roid raging POS..",1
Conor you're a fucking retard what the fuck are you at like #UFC223,1
"Nor did I solicit yours., Are you a retard? I think perhaps you are..",1
realDonaldTrump  Did your big fat STUPID Ass say today the Military should help build your dumb as a b.,1
"If you are supporting a criminal just because he is an actor you like, then you are a retard., You're a wasting Earth's",1
"Are you a retard?, He is never going to fight mma again.",1
"Sure!, Jajajajaja ?????????? You're a fucking bastard!, Liar!, Retard!, But Muslims w.",1
"You are a fucking retard...dude gtfo the internet lol.', 'Loser.",1
"Dude I was trying to be nice, But you are a fucking retard.', 'Between the match wit.",1
"If you are a Left Wing retard this is your twisted logic., 78 year old pensioner attacked by two armed criminals hal.",1
The man who has a hundered hundereds...hmmm what a retard you are.,1
"Because of automation you retard, jobs are lost. If you have kids or grandkids, you shou.",1
You are a retard if you dont think so..,1
"Haha, you are a fkn window licking retard!",1
jimmykimmel Trump attacks are getting old Jimmy...you are a piece of shit isn't it your kid born defective or b,1
"Pakis are deprived of reasoning capabilities and therefore I don't judge them., I mean do you judge a retard for bei.",1
"Roger, I have a nagging question I?ve been dying to ask you: are you a fckn retard or just a plain scammer? Or both?",1
LoganPaul Such a retard you are.,1
Yeah true Jason you are a fat spengling dog noncing retard.,1
"So coming out of his own mouth isn?t good enough?, Are you a retard?, So if someone says the.",1
Wake up retard. You lost to my team in an online tourney remember? The one where you lost.,1
Weird argument. Are you trying to prove Salman khan would kill a rhino in Assam and an elephant in kere.,1
Yeah very cool... if you are a retard and need help from a computer doing groceries..,1
"why the hell are you doing another 11 hours for one little extra tweet he missed., Last one was 7 posts of.",1
 You are a retard.,1
" So they came to play football and got pelted with stones and bottles, aka deadly weapons like they're",1
"realDonaldTrump You are such a retard., I love the third grade comments..",1
"realDonaldTrump Sir, they're not honest at all you retard."", ""They made a story with Trump's parents who h""]",1
"As a man thinks in his heart, so he is., You are a retard if Buhari is your yardstick for good governance.",1
KamalaHarris I guess you are just a nasty libtard like the rest of snowflakes..,1
"This fucking guy is so UN-social, who the fuck runs this account?', 'Whoever you are....tell the soci.",1
"Wait a minute, are you saying The Magicians is a libtard myth?, Those dirty scoundrels, t.",1
"So I was wrong, I?ll admit just because you look like a female junkie doesn?t mean that you are., H.",1
"You are proving yourself to be a good little libtard', 'Make a claim and then.",1
seanhannity JohnKerry ????????~ you really are a special little libtard.,1
SteveScalise realDonaldTrump Another Leftist Libtard Hater assuming and using God with their hatef.,1
"jimmykimmel Figures an asshole like you would insult a woman like Mrs. Trump., Jerkoff that you are., Libtard..",1
seanhannity .realDonaldTrump Many people think you are a Libtard moron....,1
"OregonGovBrown realDonaldTrump You are an IDIOT., If he Federalizes them they don?t work for you.', 'BTW an uninsure.",1
But it?s cool I know your a retired nurse and a #libtard who retweets bots accounts.,1
foxandfriends Typical libtard what truths are you speaking abo.,1
"So disappointed you are a libtard!, You are a pussy!",1
"Fuck you lady!, It's libtard assholes like you that are ruining this country., Instead of helping to secure our board.",1
"seanhannity That all you got?', 'Kermit the Frog??', '?????????? ~ you are a special.",1
"No we are not, But you are a race baiting libtard jackwagon..",1
"you wont get anyone for this challenge., after snowflake, libtard, and a ton of graphics, they are done",1
"I will follow you if you are not a libtard,Muslim, or you ate involved with BLM i am a 3%er.",1
"michaelianblack Ur a child, an ostrich w/ your head in the sand pretending that you live in a world w/ cotton cand.",1
FoxNews. not to all the ppl I know that live there! they love it. and it's not libtard....I suspect you are a trump toesucker,1

